Género,epíteto específico,Color_1,Color_2,Color_3,Láminas,Poros,Dientes,Pliegues,Gasteroide,Plato-cuenco-olla,Pie-sombrero-no-tipico,Nido,Gelatinosas,Coral-coliflor,Embudo-c/s-hendidura,Porra,Porra con cabeza,Clavo,Repisa-leñosos,Costra,Falos hediondos,Otros,Líquenes,Myxomycetos
Agaricus,arvensis,94.15 -1.9 4.22,78.53 21.04 8.2; 28.29 13.27 5.37,94.23 -1.56 4.34,1,0,0,0,0,0,0,0,0,0,0,0,0,0,0,0,0,0,0,0
Agaricus,bitorquis,94.15 -1.9 4.22,78.53 21.04 8.2; 28.29 13.27 5.37,94.23 -1.56 4.34,1,0,0,0,0,0,0,0,0,0,0,0,0,0,0,0,0,0,0,0
Agaricus,blazei,94.15 -1.9 4.22,78.53 21.04 8.2; 28.29 13.27 5.37,94.23 -1.56 4.34,1,0,0,0,0,0,0,0,0,0,0,0,0,0,0,0,0,0,0,0
Agaricus,bisporus,94.15 -1.9 4.22,78.53 21.04 8.2; 28.29 13.27 5.37,94.23 -1.56 4.34,1,0,0,0,0,0,0,0,0,0,0,0,0,0,0,0,0,0,0,0
Agaricus,brasiliensis,94.15 -1.9 4.22,78.53 21.04 8.2; 28.29 13.27 5.37,94.23 -1.56 4.34,1,0,0,0,0,0,0,0,0,0,0,0,0,0,0,0,0,0,0,0
Agaricus,campestris,94.15 -1.9 4.22,78.53 21.04 8.2; 28.29 13.27 5.37,94.23 -1.56 4.34,1,0,0,0,0,0,0,0,0,0,0,0,0,0,0,0,0,0,0,0
Agaricus,devoniensis,94.15 -1.9 4.22,78.53 21.04 8.2; 28.29 13.27 5.37,94.23 -1.56 4.34,1,0,0,0,0,0,0,0,0,0,0,0,0,0,0,0,0,0,0,0
Agaricus,dulcidulus,94.15 -1.9 4.22,78.53 21.04 8.2; 28.29 13.27 5.37,94.23 -1.56 4.34,1,0,0,0,0,0,0,0,0,0,0,0,0,0,0,0,0,0,0,0
Agaricus,globocystidiatus,94.15 -1.9 4.22,78.53 21.04 8.2; 28.29 13.27 5.37,94.23 -1.56 4.34,1,0,0,0,0,0,0,0,0,0,0,0,0,0,0,0,0,0,0,0
Agaricus,heinemanni,94.15 -1.9 4.22,78.53 21.04 8.2; 28.29 13.27 5.37,94.23 -1.56 4.34,1,0,0,0,0,0,0,0,0,0,0,0,0,0,0,0,0,0,0,0
Agaricus,pampeanus,94.15 -1.9 4.22,78.53 21.04 8.2; 28.29 13.27 5.37,94.23 -1.56 4.34,1,0,0,0,0,0,0,0,0,0,0,0,0,0,0,0,0,0,0,0
Agaricus,subrufescens,94.15 -1.9 4.22,78.53 21.04 8.2; 28.29 13.27 5.37,94.23 -1.56 4.34,1,0,0,0,0,0,0,0,0,0,0,0,0,0,0,0,0,0,0,0
Agaricus,subrutilescens,94.15 -1.9 4.22,78.53 21.04 8.2; 28.29 13.27 5.37,94.23 -1.56 4.34,1,0,0,0,0,0,0,0,0,0,0,0,0,0,0,0,0,0,0,0
Agaricus,xanthodermus,94.15 -1.9 4.22,78.53 21.04 8.2; 28.29 13.27 5.37,94.23 -1.56 4.34,1,0,0,0,0,0,0,0,0,0,0,0,0,0,0,0,0,0,0,0
Agrocybe,pediades,,,,1,0,0,0,0,0,0,0,0,0,0,0,0,0,0,0,0,0,0,0
Agrocybe,paecox,,,,1,0,0,0,0,0,0,0,0,0,0,0,0,0,0,0,0,0,0,0
Amanita,citrina,95.98 -17.53 43.84,100 0.01 -0.01,100 0.01 -0.01,1,0,0,0,0,0,0,0,0,0,0,0,0,0,0,0,0,0,0,0
Amanita,excelsa,30.54 4.65 8.44,100 0.01 -0.01,95.35 -1.39 6.01,1,0,0,0,0,0,0,0,0,0,0,0,0,0,0,0,0,0,0,0
Amanita,lilloi,,,,1,0,0,0,0,0,0,0,0,0,0,0,0,0,0,0,0,0,0,0
Amanita,muscaria,47.01 58.86 36.37,100 0.01 -0.01,95.35 -1.39 6.01,1,0,0,0,0,0,0,0,0,0,0,0,0,0,0,0,0,0,0,0
Amanita,muscaria var. alba,,,,1,0,0,0,0,0,0,0,0,0,0,0,0,0,0,0,0,0,0,0
Amanita,phalloides,75.66 -25.97 73.35,100 0.01 -0.01,95.35 -1.39 6.01,1,0,0,0,0,0,0,0,0,0,0,0,0,0,0,0,0,0,0,0
Amanita,rubescens,32.87 9.68 19.46,94.7 2.69 0.94,89.44 5.82 2.09,1,0,0,0,0,0,0,0,0,0,0,0,0,0,0,0,0,0,0,0
Armilaria,mellea,,,,1,0,0,0,0,0,0,0,0,0,0,0,0,0,0,0,0,0,0,0
Aspidella,foetens,,,,1,0,0,0,0,0,0,0,0,0,0,0,0,0,0,0,0,0,0,0
Bolbitus,coprophilus,,,,1,0,0,0,0,0,0,0,0,0,0,0,0,0,0,0,0,0,0,0
Candolleomyces,candolleanus,,,,1,0,0,0,0,0,0,0,0,0,0,0,0,0,0,0,0,0,0,0
Chlorophyllum,hortense,,,,1,0,0,0,0,0,0,0,0,0,0,0,0,0,0,0,0,0,0,0
Chlorophyllum,molybdites,,,,1,0,0,0,0,0,0,0,0,0,0,0,0,0,0,0,0,0,0,0
Chroogomphus,rutilus,,,,1,0,0,0,0,0,0,0,0,0,0,0,0,0,0,0,0,0,0,0
Clitocybe,fragans,,,,1,0,0,0,0,0,0,0,0,0,0,0,0,0,0,0,0,0,0,0
Clitocybe,melliolens,,,,1,0,0,0,0,0,0,0,0,0,0,0,0,0,0,0,0,0,0,0
Clitopilus,scyphoides,,,,1,0,0,0,0,0,0,0,0,0,0,0,0,0,0,0,0,0,0,0
Collybia,butyracea,,,,1,0,0,0,0,0,0,0,0,0,0,0,0,0,0,0,0,0,0,0
Conocybe,filaris,,,,1,0,0,0,0,0,0,0,0,0,0,0,0,0,0,0,0,0,0,0
Conocybe,lactea,,,,1,0,0,0,0,0,0,0,0,0,0,0,0,0,0,0,0,0,0,0
Conocybe,pubescens,,,,1,0,0,0,0,0,0,0,0,0,0,0,0,0,0,0,0,0,0,0
Conocybe,rickenii,,,,1,0,0,0,0,0,0,0,0,0,0,0,0,0,0,0,0,0,0,0
Conocybe,subpubescens,,,,1,0,0,0,0,0,0,0,0,0,0,0,0,0,0,0,0,0,0,0
Coprinus,comatus,,,,1,0,0,0,0,0,0,0,0,0,0,0,0,0,0,0,0,0,0,0
Coprinellus,disseminatus,,,,1,0,0,0,0,0,0,0,0,0,0,0,0,0,0,0,0,0,0,0
Coprinellus,domesticus,,,,1,0,0,0,0,0,0,0,0,0,0,0,0,0,0,0,0,0,0,0
Coprinellus,micaceus,,,,1,0,0,0,0,0,0,0,0,0,0,0,0,0,0,0,0,0,0,0
Coprinellus,pusilluls,,,,1,0,0,0,0,0,0,0,0,0,0,0,0,0,0,0,0,0,0,0
Coprinellus,truncorum,,,,1,0,0,0,0,0,0,0,0,0,0,0,0,0,0,0,0,0,0,0
Coprinopsis,acuminata,,,,1,0,0,0,0,0,0,0,0,0,0,0,0,0,0,0,0,0,0,0
Coprinopsis,atramentaria,,,,1,0,0,0,0,0,0,0,0,0,0,0,0,0,0,0,0,0,0,0
Coprinopsis,cinerea,,,,1,0,0,0,0,0,0,0,0,0,0,0,0,0,0,0,0,0,0,0
Coprinopsis,ephemeroides,,,,1,0,0,0,0,0,0,0,0,0,0,0,0,0,0,0,0,0,0,0
Coprinopsis,lagopus,,,,1,0,0,0,0,0,0,0,0,0,0,0,0,0,0,0,0,0,0,0
Coprinopsis,mecrocephala,,,,1,0,0,0,0,0,0,0,0,0,0,0,0,0,0,0,0,0,0,0
Coprinopsis,nivea,,,,1,0,0,0,0,0,0,0,0,0,0,0,0,0,0,0,0,0,0,0
Coprinopsis,picacea,,,,1,0,0,0,0,0,0,0,0,0,0,0,0,0,0,0,0,0,0,0
Coprinopsis,radiata,,,,1,0,0,0,0,0,0,0,0,0,0,0,0,0,0,0,0,0,0,0
Coprinopsis,stercorea,,,,1,0,0,0,0,0,0,0,0,0,0,0,0,0,0,0,0,0,0,0
Cyclocybe,aegerita,,,,1,0,0,0,0,0,0,0,0,0,0,0,0,0,0,0,0,0,0,0
Cyptotrama,asptrata,,,,1,0,0,0,0,0,0,0,0,0,0,0,0,0,0,0,0,0,0,0
Deconica,coprophila,,,,1,0,0,0,0,0,0,0,0,0,0,0,0,0,0,0,0,0,0,0
Deconica,montana,,,,1,0,0,0,0,0,0,0,0,0,0,0,0,0,0,0,0,0,0,0
Descolea,maculata,,,,1,0,0,0,0,0,0,0,0,0,0,0,0,0,0,0,0,0,0,0
Entoloma,sinuatum,,,,1,0,0,0,0,0,0,0,0,0,0,0,0,0,0,0,0,0,0,0
Flammulina,velutipes,,,,1,0,0,0,0,0,0,0,0,0,0,0,0,0,0,0,0,0,0,0
Galerina,vittiformis,,,,1,0,0,0,0,0,0,0,0,0,0,0,0,0,0,0,0,0,0,0
Gerronema,stuckertii,,,,1,0,0,0,0,0,0,0,0,0,0,0,0,0,0,0,0,0,0,0
Gymnopilus,austropicreus,,,,1,0,0,0,0,0,0,0,0,0,0,0,0,0,0,0,0,0,0,0
Gymnopilus,chrysopellus,,,,1,0,0,0,0,0,0,0,0,0,0,0,0,0,0,0,0,0,0,0
Gymnopilus,junonius,60.95 33.47 58.29,70.15 16.21 73.39,64.66 25.39 67.74,1,0,0,0,0,0,0,0,0,0,0,0,0,0,0,0,0,0,0,0
Gymnopilus,imperialis,60.95 33.47 58.29,70.15 16.21 73.39,64.66 25.39 67.74,1,0,0,0,0,0,0,0,0,0,0,0,0,0,0,0,0,0,0,0
Gymnopilus,luteofilus,,,,1,0,0,0,0,0,0,0,0,0,0,0,0,0,0,0,0,0,0,0
Gymnopilus,picreus,,,,1,0,0,0,0,0,0,0,0,0,0,0,0,0,0,0,0,0,0,0
Gymnopilus,purpureosquamulosus,,,,1,0,0,0,0,0,0,0,0,0,0,0,0,0,0,0,0,0,0,0
Gymnopus,,,,,1,0,0,0,0,0,0,0,0,0,0,0,0,0,0,0,0,0,0,0
Hebeloma,crustuliniforme,,,,1,0,0,0,0,0,0,0,0,0,0,0,0,0,0,0,0,0,0,0
Hebeloma,sacchariolens,,,,1,0,0,0,0,0,0,0,0,0,0,0,0,0,0,0,0,0,0,0
Hohenbuehelia,grisea,,,,1,0,0,0,0,0,0,0,0,0,0,0,0,0,0,0,0,0,0,0
Hydropus,,,,,1,0,0,0,0,0,0,0,0,0,0,0,0,0,0,0,0,0,0,0
Hygrocybe,conica,,,,1,0,0,0,0,0,0,0,0,0,0,0,0,0,0,0,0,0,0,0
Hygrocybe,coccinea,,,,1,0,0,0,0,0,0,0,0,0,0,0,0,0,0,0,0,0,0,0
Hygrocybe,nitrata,,,,1,0,0,0,0,0,0,0,0,0,0,0,0,0,0,0,0,0,0,0
Hygrocybe,singeri,,,,1,0,0,0,0,0,0,0,0,0,0,0,0,0,0,0,0,0,0,0
Hygrophoropsis,aurantiaca,,,,1,0,0,0,0,0,0,0,0,0,0,0,0,0,0,0,0,0,0,0
Hymenopellis,radicata,,,,1,0,0,0,0,0,0,0,0,0,0,0,0,0,0,0,0,0,0,0
Hypholoma,fasciculare,,,,1,0,0,0,0,0,0,0,0,0,0,0,0,0,0,0,0,0,0,0
Hypholoma,lateritium,,,,1,0,0,0,0,0,0,0,0,0,0,0,0,0,0,0,0,0,0,0
Inocybe,fumosifolia,,,,1,0,0,0,0,0,0,0,0,0,0,0,0,0,0,0,0,0,0,0
Inocybe,heimii,,,,1,0,0,0,0,0,0,0,0,0,0,0,0,0,0,0,0,0,0,0
Inocybe,lacera,,,,1,0,0,0,0,0,0,0,0,0,0,0,0,0,0,0,0,0,0,0
Inocybe,langei,,,,1,0,0,0,0,0,0,0,0,0,0,0,0,0,0,0,0,0,0,0
Inocybe,variabillima,,,,1,0,0,0,0,0,0,0,0,0,0,0,0,0,0,0,0,0,0,0
Laccaria,fraterna,,,,1,0,0,0,0,0,0,0,0,0,0,0,0,0,0,0,0,0,0,0
Laccaria,laccata,,,,1,0,0,0,0,0,0,0,0,0,0,0,0,0,0,0,0,0,0,0
Laccaria,proxima,,,,1,0,0,0,0,0,0,0,0,0,0,0,0,0,0,0,0,0,0,0
Laccaria,tortilis,,,,1,0,0,0,0,0,0,0,0,0,0,0,0,0,0,0,0,0,0,0
Lactarius,deliciosus,69.66 39.24 51.63,69.66 39.24 51.63,69.66 39.24 51.63,1,0,0,0,0,0,0,0,0,0,0,0,0,0,0,0,0,0,0,0
Lactarius,hepaticus,,,,1,0,0,0,0,0,0,0,0,0,0,0,0,0,0,0,0,0,0,0
Lactarius,quieticolor,80.01 21.94 30.36,80.01 21.94 30.36,80.01 21.94 30.36,1,0,0,0,0,0,0,0,0,0,0,0,0,0,0,0,0,0,0,0
Lentinellus,,,,,1,0,0,0,0,0,0,0,0,0,0,0,0,0,0,0,0,0,0,0
Lentinula,edodes,,,,1,0,0,0,0,0,0,0,0,0,0,0,0,0,0,0,0,0,0,0
Lentinula,boryana,,,,1,0,0,0,0,0,0,0,0,0,0,0,0,0,0,0,0,0,0,0
Lentinus,berteroi,,,,1,0,0,0,0,0,0,0,0,0,0,0,0,0,0,0,0,0,0,0
Lentinus,crinitus,,,,1,0,0,0,0,0,0,0,0,0,0,0,0,0,0,0,0,0,0,0
Lentinus,fasciatus,,,,1,0,0,0,0,0,0,0,0,0,0,0,0,0,0,0,0,0,0,0
Lentinus,swartzii,,,,1,0,0,0,0,0,0,0,0,0,0,0,0,0,0,0,0,0,0,0
Lentinus,tigrinus,,,,1,0,0,0,0,0,0,0,0,0,0,0,0,0,0,0,0,0,0,0
Lepiota,cristata,,,,1,0,0,0,0,0,0,0,0,0,0,0,0,0,0,0,0,0,0,0
Lepista,nuda,,,,1,0,0,0,0,0,0,0,0,0,0,0,0,0,0,0,0,0,0,0
Lepista,sordida,,,,1,0,0,0,0,0,0,0,0,0,0,0,0,0,0,0,0,0,0,0
Leptonia,,,,,1,0,0,0,0,0,0,0,0,0,0,0,0,0,0,0,0,0,0,0
Leratiomyces,ceres,,,,1,0,0,0,0,0,0,0,0,0,0,0,0,0,0,0,0,0,0,0
Leucoagaricus,americanus,,,,1,0,0,0,0,0,0,0,0,0,0,0,0,0,0,0,0,0,0,0
Leucoagaricus,leucothies,,,,1,0,0,0,0,0,0,0,0,0,0,0,0,0,0,0,0,0,0,0
Leucocoprinus,birnbaumii,,,,1,0,0,0,0,0,0,0,0,0,0,0,0,0,0,0,0,0,0,0
Leucocoprinus,brebissonii,,,,1,0,0,0,0,0,0,0,0,0,0,0,0,0,0,0,0,0,0,0
Leucocoprinus,cepistipes,,,,1,0,0,0,0,0,0,0,0,0,0,0,0,0,0,0,0,0,0,0
Leucocoprinus,cretaceus,,,,1,0,0,0,0,0,0,0,0,0,0,0,0,0,0,0,0,0,0,0
Leucocoprinus,fragilissimus,,,,1,0,0,0,0,0,0,0,0,0,0,0,0,0,0,0,0,0,0,0
Lichenomphalia,,,,,1,0,0,0,0,0,0,0,0,0,0,0,0,0,0,0,0,0,0,0
Macrocybe,titans,,,,1,0,0,0,0,0,0,0,0,0,0,0,0,0,0,0,0,0,0,0
Macrolepiota,bonaerensis,,,,1,0,0,0,0,0,0,0,0,0,0,0,0,0,0,0,0,0,0,0
Macrolepiota,fulgineosuarrosa,,,,1,0,0,0,0,0,0,0,0,0,0,0,0,0,0,0,0,0,0,0
Macrolepiota,gracilenta,,,,1,0,0,0,0,0,0,0,0,0,0,0,0,0,0,0,0,0,0,0
Macrolepiota,kenardi,,,,1,0,0,0,0,0,0,0,0,0,0,0,0,0,0,0,0,0,0,0
Macrolepiota,mastoridea,,,,1,0,0,0,0,0,0,0,0,0,0,0,0,0,0,0,0,0,0,0
Macrolepiota,procera,,,,1,0,0,0,0,0,0,0,0,0,0,0,0,0,0,0,0,0,0,0
Marasmiellus,ramealis,,,,1,0,0,0,0,0,0,0,0,0,0,0,0,0,0,0,0,0,0,0
Marasmius,haematocephalus,,,,1,0,0,0,0,0,0,0,0,0,0,0,0,0,0,0,0,0,0,0
Marasmius,rhyssophylus,,,,0,0,0,1,0,0,0,0,0,0,0,0,0,0,0,0,0,0,0,0
Marasmius,oreades,,,,1,0,0,0,0,0,0,0,0,0,0,0,0,0,0,0,0,0,0,0
Mycena,galericulata,,,,1,0,0,0,0,0,0,0,0,0,0,0,0,0,0,0,0,0,0,0
Mycena,haematopus,,,,1,0,0,0,0,0,0,0,0,0,0,0,0,0,0,0,0,0,0,0
Mycena,leptocephala,,,,1,0,0,0,0,0,0,0,0,0,0,0,0,0,0,0,0,0,0,0
Mycena,personiana,,,,1,0,0,0,0,0,0,0,0,0,0,0,0,0,0,0,0,0,0,0
Mycena,pura,,,,1,0,0,0,0,0,0,0,0,0,0,0,0,0,0,0,0,0,0,0
Neolentinus,lepideus,,,,1,0,0,0,0,0,0,0,0,0,0,0,0,0,0,0,0,0,0,0
Oudemansiella,canarii,,,,1,0,0,0,0,0,0,0,0,0,0,0,0,0,0,0,0,0,0,0
Panaeolus,acuminatus,,,,1,0,0,0,0,0,0,0,0,0,0,0,0,0,0,0,0,0,0,0
Panaeolus,antillarum,,,,1,0,0,0,0,0,0,0,0,0,0,0,0,0,0,0,0,0,0,0
Panaeolus,campanulatus,,,,1,0,0,0,0,0,0,0,0,0,0,0,0,0,0,0,0,0,0,0
Panaeolus,papilonaceus,,,,1,0,0,0,0,0,0,0,0,0,0,0,0,0,0,0,0,0,0,0
Panaeolus,sepulchralis,,,,1,0,0,0,0,0,0,0,0,0,0,0,0,0,0,0,0,0,0,0
Panaeolus,sphinctrinus,,,,1,0,0,0,0,0,0,0,0,0,0,0,0,0,0,0,0,0,0,0
Panellus,pussillus,,,,1,0,0,0,0,0,0,0,0,0,0,0,0,0,0,0,0,0,0,0
Parasola,conopilea,,,,1,0,0,0,0,0,0,0,0,0,0,0,0,0,0,0,0,0,0,0
Parasola,plicatilis,,,,1,0,0,0,0,0,0,0,0,0,0,0,0,0,0,0,0,0,0,0
Paxillus,involutus,,,,1,0,0,0,0,0,0,0,0,0,0,0,0,0,0,0,0,0,0,0
Pleurotus,aldibus,,,,1,0,0,0,0,0,0,0,0,0,0,0,0,0,0,0,0,0,0,0
Pleurotus,djamor,,,,1,0,0,0,0,0,0,0,0,0,0,0,0,0,0,0,0,0,0,0
Pleurotus,citrinopileatus,,,,1,0,0,0,0,0,0,0,0,0,0,0,0,0,0,0,0,0,0,0
Pleurotus,colombinus,,,,1,0,0,0,0,0,0,0,0,0,0,0,0,0,0,0,0,0,0,0
Pleurotus,lindquistii,,,,1,0,0,0,0,0,0,0,0,0,0,0,0,0,0,0,0,0,0,0
Pleurotus,ostreatus,,,,1,0,0,0,0,0,0,0,0,0,0,0,0,0,0,0,0,0,0,0
Pleurotus,pulmonarius,,,,1,0,0,0,0,0,0,0,0,0,0,0,0,0,0,0,0,0,0,0
Pluteus,cervinus,,,,1,0,0,0,0,0,0,0,0,0,0,0,0,0,0,0,0,0,0,0
Pluteus,petasatus,,,,1,0,0,0,0,0,0,0,0,0,0,0,0,0,0,0,0,0,0,0
Protostorpharia,semiglobata,,,,1,0,0,0,0,0,0,0,0,0,0,0,0,0,0,0,0,0,0,0
Psathyrella,aquatica,,,,1,0,0,0,0,0,0,0,0,0,0,0,0,0,0,0,0,0,0,0
Psathyrella,bipellis,,,,1,0,0,0,0,0,0,0,0,0,0,0,0,0,0,0,0,0,0,0
Psathyrella,squamosa,,,,1,0,0,0,0,0,0,0,0,0,0,0,0,0,0,0,0,0,0,0
Psilocybe,coronilla,,,,1,0,0,0,0,0,0,0,0,0,0,0,0,0,0,0,0,0,0,0
Psilocybe,cubensis,,,,1,0,0,0,0,0,0,0,0,0,0,0,0,0,0,0,0,0,0,0
Psilocybe,semilanceata,,,,1,0,0,0,0,0,0,0,0,0,0,0,0,0,0,0,0,0,0,0
Psilocybe,uruguayensis,,,,1,0,0,0,0,0,0,0,0,0,0,0,0,0,0,0,0,0,0,0
Resupinatus,applicatus,,,,1,0,0,0,0,0,0,0,0,0,0,0,0,0,0,0,0,0,0,0
Rhizocybe,alba,,,,1,0,0,0,0,0,0,0,0,0,0,0,0,0,0,0,0,0,0,0
Rhodocollybia,prolixa var. distorta,,,,1,0,0,0,0,0,0,0,0,0,0,0,0,0,0,0,0,0,0,0
Russula,amethystina,,,,1,0,0,0,0,0,0,0,0,0,0,0,0,0,0,0,0,0,0,0
Russula,cyanoxantha,,,,1,0,0,0,0,0,0,0,0,0,0,0,0,0,0,0,0,0,0,0
Russula,lutea,,,,1,0,0,0,0,0,0,0,0,0,0,0,0,0,0,0,0,0,0,0
Russula,pectinata,,,,1,0,0,0,0,0,0,0,0,0,0,0,0,0,0,0,0,0,0,0
Russula,pectinatoides,,,,1,0,0,0,0,0,0,0,0,0,0,0,0,0,0,0,0,0,0,0
Russula,risigallina,,,,1,0,0,0,0,0,0,0,0,0,0,0,0,0,0,0,0,0,0,0
Russula,sardonia,30.97 43.8 6.91,95.92 0.15 1.67,97.63 -0.03 2.14,1,0,0,0,0,0,0,0,0,0,0,0,0,0,0,0,0,0,0,0
Russula,sororia,,,,1,0,0,0,0,0,0,0,0,0,0,0,0,0,0,0,0,0,0,0
Schizophyllum,commune,,,,1,0,0,0,0,0,0,0,0,0,0,0,0,0,0,0,0,0,0,0
Setchelliogaster,tenuipes,,,,1,0,0,0,0,0,0,0,0,0,0,0,0,0,0,0,0,0,0,0
Simocybe,,,,,1,0,0,0,0,0,0,0,0,0,0,0,0,0,0,0,0,0,0,0
Stropharia,hornemanii,,,,1,0,0,0,0,0,0,0,0,0,0,0,0,0,0,0,0,0,0,0
Stropharia,rugosoannulata,,,,1,0,0,0,0,0,0,0,0,0,0,0,0,0,0,0,0,0,0,0
Tapinella,panuoides,,,,1,0,0,0,0,0,0,0,0,0,0,0,0,0,0,0,0,0,0,0
Tetrapyrgos,alba,,,,1,0,0,0,0,0,0,0,0,0,0,0,0,0,0,0,0,0,0,0
Tetrapyrgos,nigripes,,,,1,0,0,0,0,0,0,0,0,0,0,0,0,0,0,0,0,0,0,0
Tricholoma,albobrunneum,,,,1,0,0,0,0,0,0,0,0,0,0,0,0,0,0,0,0,0,0,0
Tricholoma,equestre,,,,1,0,0,0,0,0,0,0,0,0,0,0,0,0,0,0,0,0,0,0
Tricholoma,populinum,,,,1,0,0,0,0,0,0,0,0,0,0,0,0,0,0,0,0,0,0,0
Tricholoma,terreum,,,,1,0,0,0,0,0,0,0,0,0,0,0,0,0,0,0,0,0,0,0
Tricholomopsis,rutilans,,,,1,0,0,0,0,0,0,0,0,0,0,0,0,0,0,0,0,0,0,0
Volvariella,subxerophytica,,,,1,0,0,0,0,0,0,0,0,0,0,0,0,0,0,0,0,0,0,0
Volvopluteus,gloiocephalus,,,,1,0,0,0,0,0,0,0,0,0,0,0,0,0,0,0,0,0,0,0
Xeromphalina,tenuipes,,,,1,0,0,0,0,0,0,0,0,0,0,0,0,0,0,0,0,0,0,0
Abortiporus,biennis,,,,0,1,0,0,0,0,0,0,0,0,0,0,0,0,0,0,0,1,0,0
Antrodia,xantha,,,,0,1,0,0,0,0,0,0,0,0,0,0,0,0,0,1,0,0,0,0
Aporpium,,,,,0,0,0,0,0,0,0,0,0,0,0,0,0,0,0,1,0,0,0,0
Arcyria,cinerea,,,,0,0,0,0,0,0,0,0,0,0,0,0,0,0,0,0,0,0,0,1
Arcyria,denudata,,,,0,0,0,0,0,0,0,0,0,0,0,0,0,0,0,0,0,0,0,1
Arcyria,obvelata,,,,0,0,0,0,0,0,0,0,0,0,0,0,0,0,0,0,0,0,0,1
Artomyces,pyxidatus,,,,0,0,0,0,0,0,0,0,0,1,0,0,0,0,0,0,0,0,0,0
Aseroe,rubra,,,,0,0,0,0,0,0,0,0,0,0,0,0,0,0,0,0,1,0,0,0
Astraeus,hygrometricus,,,,0,0,0,0,0,0,0,0,0,0,0,0,0,0,0,0,0,0,0,0
Auricularia,auricula-judae,,,,0,0,0,0,0,0,0,0,1,0,0,0,0,0,0,0,0,0,0,0
Auricularia,delicata,,,,0,0,0,0,0,0,0,0,1,0,0,0,0,0,0,0,0,0,0,0
Auricularia,nigricans,,,,0,0,0,0,0,0,0,0,1,0,0,0,0,0,0,0,0,0,0,0
Auricularia,polytricha,,,,0,0,0,0,0,0,0,0,1,0,0,0,0,0,0,0,0,0,0,0
Battarrea,phalloides,,,,0,0,0,0,0,0,1,0,0,0,0,0,0,0,0,0,0,0,0,0
Boletus,edulis,35.24 20.4 27.22,93.43 0.72 8.95,88.76 0.71 21.04,0,1,0,0,0,0,0,0,0,0,0,0,0,0,0,0,0,0,0,0
Boletinellus,rompelli,35.86 14.31 19.99,85.46 -15.9 81.57,38.87 14.84 43.45,0,1,0,0,0,0,0,0,0,0,0,0,0,0,0,0,0,0,0,0
Bovistella,utriformis,,,,0,0,0,0,1,0,0,0,0,0,0,0,0,0,0,0,0,0,0,0
Calocera,cornea,,,,0,0,0,0,0,0,0,0,1,0,0,1,0,0,0,0,0,0,0,0
Caloplaca,,,,,0,0,0,0,0,0,0,0,0,0,0,0,0,0,0,0,0,0,1,0
Calvatia,bicolor,,,,0,0,0,0,1,0,0,0,0,0,0,0,0,0,0,0,0,0,0,0
Calvatia,cyathiformis,,,,0,0,0,0,1,0,0,0,0,0,0,0,0,0,0,0,0,0,0,0
Calvatia,cyathiformis var. chilensis,,,,0,0,0,0,1,0,0,0,0,0,0,0,0,0,0,0,0,0,0,0
Calvatia,fragilis,,,,0,0,0,0,1,0,0,0,0,0,0,0,0,0,0,0,0,0,0,0
Calvatia,gigantea,,,,0,0,0,0,1,0,0,0,0,0,0,0,0,0,0,0,0,0,0,0
Calvatia,rugosa,,,,0,0,0,0,1,0,0,0,0,0,0,0,0,0,0,0,0,0,0,0
Calycina,citrina,,,,0,0,0,0,0,1,0,0,0,0,0,0,0,0,0,0,0,0,0,0
Ceratiomyxa,fructiculosa,,,,0,0,0,0,0,0,0,0,0,1,0,0,0,0,0,0,0,0,0,1
Cerrena,unicolor,,,,0,1,0,0,0,0,0,0,0,0,0,0,0,0,1,0,0,0,0,0
Chalciporus,piperatus,,,,0,1,0,0,0,0,0,0,0,0,0,0,0,0,0,0,0,0,0,0
Chlorociboria,aeruginascens,,,,0,0,0,0,0,1,0,0,0,0,0,0,0,0,0,0,0,0,0,0
Choiromyces,,,,,0,0,0,0,1,0,0,0,0,0,0,0,0,0,0,0,0,0,0,0
Cladonia,didyma,,,,0,0,0,0,0,0,0,0,0,0,0,0,0,0,0,0,0,0,1,0
Clathrus,ruber,,,,0,0,0,0,0,0,0,0,0,0,0,0,0,0,0,0,1,0,0,0
Clavaria,,,,,0,0,0,0,0,0,0,0,0,1,0,1,0,0,0,0,0,0,0,0
Clavariadelphus,,,,,0,0,0,0,0,0,0,0,0,0,0,1,1,0,0,0,0,0,0,0
Clavulina,cinerea,,,,0,0,0,0,0,0,0,0,0,1,0,0,0,0,0,0,0,0,0,0
Clavulina,coralloides,,,,0,0,0,0,0,0,0,0,0,1,0,0,0,0,0,0,0,0,0,0
Clavulina,rugosa,,,,0,0,0,0,0,0,0,0,0,1,0,0,0,0,0,0,0,0,0,0
Cookeina,,,,,0,0,0,0,0,1,0,0,0,0,0,0,0,0,0,0,0,0,0,0
Cordyceps,militaris,,,,0,0,0,0,0,0,0,0,0,0,0,1,0,0,0,0,0,0,0,0
Cotylidia,,,,,0,1,0,0,0,0,0,0,0,0,1,0,0,0,0,0,0,0,0,0
Crucibulum,crucibuliforme,,,,0,0,0,0,0,1,0,1,0,0,0,0,0,0,0,0,0,0,0,0
Cyathus,stercoreus,,,,0,0,0,0,0,1,0,1,0,0,0,0,0,0,0,0,0,0,0,0
Cymatoderma,,,,,0,1,0,0,0,0,0,0,0,0,1,0,0,0,0,0,0,0,0,0
Dacryopinax,elegans,,,,0,0,0,0,0,0,0,0,1,0,0,0,0,0,0,0,0,0,0,0
Dacryopinax,spathularia,,,,0,0,0,0,0,0,0,0,1,1,0,0,0,0,0,0,0,0,0,0
Diachea,leucopodia,,,,0,0,0,0,0,0,0,0,0,0,0,0,0,0,0,0,0,0,0,1
Diploschistes,,,,,0,0,0,0,0,0,0,0,0,0,0,0,0,0,0,0,0,0,1,0
Discoxylaria,myrmecophila,,,,0,0,0,0,0,1,0,0,0,0,0,0,0,1,0,0,0,0,0,0
Ductifera,pululahuana,,,,0,0,0,0,0,0,0,0,1,0,0,0,0,0,0,0,0,0,0,0
Dyctionema,glabratum,,,,0,0,0,0,0,0,0,0,0,0,0,0,0,0,1,0,0,0,1,0
Exidia,,,,,0,0,0,0,0,0,0,0,0,0,0,0,0,0,0,0,0,0,0,0
Fulgio,septica,,,,0,0,0,0,0,0,0,0,0,0,0,0,0,0,0,0,0,0,0,1
Fuscocerrena,portoricensis,,,,0,0,0,0,0,0,0,0,0,0,0,0,0,0,0,0,0,0,0,0
Ganoderma,australe,,,,0,1,0,0,0,0,0,0,0,0,0,0,0,0,1,0,0,0,0,0
Ganoderma,dorsale,,,,0,1,0,0,0,0,1,0,0,0,0,0,0,0,1,0,0,0,0,0
Ganoderma,lucidum,,,,0,1,0,0,0,0,0,0,0,0,0,0,0,0,1,0,0,0,0,0
Ganoderma,martinicense,,,,0,1,0,0,0,0,0,0,0,0,0,0,0,0,1,0,0,0,0,0
Ganoderma,platense,,,,0,1,0,0,0,0,0,0,0,0,0,0,0,0,1,0,0,0,0,0
Gastropila,fragilis,,,,0,0,0,0,1,0,0,0,0,0,0,0,0,0,0,0,0,0,0,0
Geastrum,fimbriatum,,,,0,0,0,0,1,0,0,0,0,0,0,0,0,0,0,0,0,0,0,0
Geastrum,pectinatum,,,,0,0,0,0,1,0,0,0,0,0,0,0,0,0,0,0,0,0,0,0
Geastrum,nanum,,,,0,0,0,0,1,0,0,0,0,0,0,0,0,0,0,0,0,0,0,0
Geastrum,saccatum,,,,0,0,0,0,1,0,0,0,0,0,0,0,0,0,0,0,0,0,0,0
Geastrum,schweinitzii,,,,0,0,0,0,1,0,0,0,0,0,0,0,0,0,0,0,0,0,0,0
Geastrum,smithii,,,,0,0,0,0,1,0,0,0,0,0,0,0,0,0,0,0,0,0,0,0
Geastrum,triplex,,,,0,0,0,0,1,0,0,0,0,0,0,0,0,0,0,0,0,0,0,0
Geoglossum,nigritum,,,,0,0,0,0,0,0,0,0,0,0,0,0,1,0,0,0,0,0,0,0
Gloeophyllum,sepiarium,,,,1,0,0,0,0,0,0,0,0,0,0,0,0,0,1,0,0,0,0,0
Graphis,scripta,,,,0,0,0,0,0,0,0,0,0,0,0,0,0,0,0,0,0,0,1,0
Helvella,leucopus,,,,0,0,0,0,0,0,1,0,0,0,0,0,0,0,0,0,0,0,0,0
Hemitrichia,calyculata,,,,0,0,0,0,0,0,0,0,0,0,0,0,0,0,0,0,0,0,0,1
Hericium,coralloides,,,,0,0,1,0,0,0,0,0,0,1,0,0,0,0,0,0,0,0,0,0
Hormomyces,aurantiacus,,,,0,0,0,0,0,0,0,0,1,0,0,0,0,0,0,0,0,0,0,0
Hydnopolyporus,fimbriatus,,,,0,1,0,0,0,0,0,0,0,1,0,0,0,0,0,0,0,0,0,0
Hymenoscyphus,,,,,0,0,0,0,0,0,0,0,0,0,0,0,0,1,0,0,0,0,0,0
Hypocreodendron,sanguineum,,,,0,0,0,0,0,0,0,0,0,1,0,0,0,0,0,0,0,0,0,0
Hypomyces,chrysospermus,,,,0,0,0,0,0,0,0,0,0,0,0,0,0,0,0,1,0,0,0,0
Inonotus,jamacensis,,,,0,0,0,0,0,0,0,0,0,0,0,0,0,0,1,0,0,0,0,0
Inonotus,rickii,,,,0,0,0,0,0,0,0,0,0,0,0,0,0,0,1,0,0,0,0,0
Itajahya,galericulata,,,,0,0,0,0,0,0,0,0,0,0,0,0,0,0,0,0,1,0,0,0
Laetiporus,gilbertsonii,,,,0,1,0,0,0,0,0,0,0,0,0,0,0,0,1,0,0,0,0,0
Laetiporus,sulphureus,,,,0,1,0,0,0,0,0,0,0,0,0,0,0,0,1,0,0,0,0,0
Laternea,columnata,,,,0,0,0,0,0,0,0,0,0,0,0,0,0,0,0,0,1,0,0,0
Leccinum,,,,,0,1,0,0,0,0,0,0,0,0,0,0,0,0,0,0,0,0,0,0
Lentinus,brumalis,,,,0,1,0,0,0,0,0,0,0,0,0,0,0,0,0,0,0,0,0,0
Lentinus,substrictus,,,,0,1,0,0,0,0,0,0,0,0,0,0,0,0,0,0,0,0,0,0
Leocarpus,fragilis,,,,0,0,0,0,0,0,0,0,0,0,0,0,0,0,0,0,0,0,0,1
Leptogium,,,,,0,0,0,0,0,0,0,0,0,0,0,0,0,0,0,0,0,0,1,0
Lindbladia,tubalina,,,,0,0,0,0,0,0,0,0,0,0,0,0,0,0,0,0,0,0,0,1
Lycogala,epidendrum,,,,0,0,0,0,0,0,0,0,0,0,0,0,0,0,0,0,0,0,0,1
Lycoderdon,crurtisii,,,,0,0,0,0,1,0,0,0,0,0,0,0,0,0,0,0,0,0,0,0
Lycoderdon,marginatum,,,,0,0,0,0,1,0,0,0,0,0,0,0,0,0,0,0,0,0,0,0
Lycoderdon,nigriscens,,,,0,0,0,0,1,0,0,0,0,0,0,0,0,0,0,0,0,0,0,0
Lycoderdon,perlatum,,,,0,0,0,0,1,0,0,0,0,0,0,0,0,0,0,0,0,0,0,0
Lycoderdon,pratense,,,,0,0,0,0,1,0,0,0,0,0,0,0,0,0,0,0,0,0,0,0
Lycoderdon,pulcherrimum,,,,0,0,0,0,1,0,0,0,0,0,0,0,0,0,0,0,0,0,0,0
Lysurus,cruciatus,,,,0,0,0,0,0,0,0,0,0,0,0,0,0,0,0,0,1,0,0,0
Lysurus,periphragmoides,,,,0,0,0,0,0,0,0,0,0,0,0,0,0,0,0,0,1,0,0,0
Morchella,itermedia,,,,0,0,0,0,0,0,1,0,0,0,0,0,0,0,0,0,0,0,0,0
Morganella,,,,,0,0,0,0,1,0,0,0,0,0,0,0,0,0,0,0,0,0,0,0
Mutinus,caninus,,,,0,0,0,0,0,0,0,0,0,0,0,0,0,0,0,0,1,0,0,0
Mycenastrum,corium,,,,0,0,0,0,1,0,0,0,0,0,0,0,0,0,0,0,0,0,0,0
Myriostoma,coliforme,,,,0,0,0,0,1,0,0,0,0,0,0,0,0,0,0,0,0,0,0,0
Myxarium,nucleatum,,,,0,0,0,0,0,0,0,0,1,0,0,0,0,0,0,0,0,0,0,0
Octospora,humosa,,,,0,0,0,0,0,1,0,0,0,0,0,0,0,0,0,0,0,0,0,0
Panellus,pusillus,,,,0,1,0,0,0,0,0,0,0,0,0,0,0,0,0,0,0,0,0,0
Parmotrema,,,,,0,0,0,0,0,0,0,0,0,0,0,0,0,0,0,0,0,0,1,0
Peziza,ammophila,,,,0,0,0,0,0,1,0,0,0,0,0,0,0,0,0,0,0,0,0,0
Peziza,domiciliana,,,,0,0,0,0,0,1,0,0,0,0,0,0,0,0,0,0,0,0,0,0
Phaeolus,schweinitzii,,,,0,1,0,0,0,0,0,0,0,0,0,0,0,0,1,0,0,0,0,0
Phaeotrametes,decipiens,,,,0,1,0,0,0,0,0,0,0,0,0,0,0,0,1,0,0,0,0,0
Phallus,impudicus,,,,0,0,0,0,0,0,0,0,0,0,0,0,0,0,0,0,1,0,0,0
Phellinus,gilvus,,,,0,1,0,0,0,0,0,0,0,0,0,0,0,0,1,0,0,0,0,0
Phlebopus,bruchii,,,,0,1,0,0,0,0,0,0,0,0,0,0,0,0,0,0,0,0,0,0
Physarum,polycephalum,,,,0,0,0,0,0,0,0,0,0,0,0,0,0,0,0,0,0,0,0,1
Physchia,,,,,0,0,0,0,0,0,0,0,0,0,0,0,0,0,0,0,0,0,1,0
Pisolithus,arhizus,,,,0,0,0,0,1,0,0,0,0,0,0,0,0,0,0,0,0,0,0,0
Plectania,,,,,0,0,0,0,0,1,0,0,0,0,0,0,0,0,0,0,0,0,0,0
Podaxis,pistillaris,,,,0,0,0,0,0,0,0,0,0,0,0,0,1,0,0,0,0,0,0,0
Podoscypha,aculeata,,,,0,1,0,0,0,0,0,0,0,0,1,0,0,0,0,0,0,0,0,0
Polyporus,tuberaster,,,,0,1,0,0,0,0,0,0,0,0,0,0,0,0,0,0,0,0,0,0
Poronia,oedipus,,,,0,0,0,0,0,0,0,0,0,0,0,0,0,1,0,0,0,0,0,0
Pseudocyphellaria,aurata,,,,0,0,0,0,0,0,0,0,0,0,0,0,0,0,0,0,0,0,1,0
Pycnoporus,sanguineus,,,,0,1,0,0,0,0,0,0,0,0,0,0,0,0,1,0,0,0,0,0
Ramalina,,,,,0,0,0,0,0,0,0,0,0,0,0,0,0,0,0,0,0,0,1,0
Ramaria,botrytis,,,,0,0,0,0,0,0,0,0,0,1,0,0,0,0,0,0,0,0,0,0
Ramaria,toxica,,,,0,0,0,0,0,0,0,0,0,1,0,0,0,0,0,0,0,0,0,0
Ramariopsis,kunzei,,,,0,0,0,0,0,0,0,0,0,1,0,0,0,0,0,0,0,0,0,0
Reticularia,lycoperdon,,,,0,0,0,0,0,0,0,0,0,0,0,0,0,0,0,0,0,0,0,1
Rhizopogon,luteolus,,,,0,0,0,0,1,0,0,0,0,0,0,0,0,0,0,0,0,0,0,0
Rhizopogon,roseolus,,,,0,0,0,0,1,0,0,0,0,0,0,0,0,0,0,0,0,0,0,0
Schizopyllum,amplum,,,,0,0,0,0,0,1,0,0,0,0,0,0,0,0,0,0,0,0,0,0
Scleroderma,polyrhizon,,,,0,0,0,0,1,0,0,0,0,0,0,0,0,0,0,0,0,0,0,0
Scleroderma,verrucosum,,,,0,0,0,0,1,0,0,0,0,0,0,0,0,0,0,0,0,0,0,0
Scutellinia,,,,,0,0,0,0,0,1,0,0,0,0,0,0,0,0,0,0,0,0,0,0
Serpula,himanotoides,,,,0,0,0,0,0,0,0,0,0,0,0,0,0,0,0,1,0,0,0,0
Stemonitis,,,,,0,0,0,0,0,0,0,0,0,0,0,0,0,0,0,0,0,0,0,1
Stilbella,,,,,0,0,0,0,0,0,0,0,0,0,0,0,1,0,0,0,0,0,0,0
Suillus,granulatus,80.42 -1 63.21; 51.88 12.29 57.88,93.4 -7.73 24.87,92.31 -11.11 41.08,0,1,0,0,0,0,0,0,0,0,0,0,0,0,0,0,0,0,0,0
Suillus,luteous,51.88 12.29 57.88,93.4 -7.73 24.87,92.31 -11.11 41.08,0,1,0,0,0,0,0,0,0,0,0,0,0,0,0,0,0,0,0,0
Suillus,salmonicolor,80.42 -1 63.21; 51.88 12.29 57.88,84.85 -0.85 39.93,81.88 2.11 39.11,0,1,0,0,0,0,0,0,0,0,0,0,0,0,0,0,0,0,0,0
Tarzetta,cupularis,,,,0,0,0,0,0,1,0,0,0,0,0,0,0,0,0,0,0,0,0,0
Tarzetta,catinus,,,,0,0,0,0,0,1,0,0,0,0,0,0,0,0,0,0,0,0,0,0
Tarzetta,brona,,,,0,0,0,0,0,1,0,0,0,0,0,0,0,0,0,0,0,0,0,0
Tarzetta,brasiliensis,,,,0,0,0,0,0,1,0,0,0,0,0,0,0,0,0,0,0,0,0,0
Teloschistes,flavicans,,,,0,0,0,0,0,0,0,0,0,0,0,0,0,0,0,0,0,0,1,0
Thelephora,penicillata,,,,0,0,0,0,0,0,0,0,0,1,0,0,0,0,0,0,0,0,0,0
Thelephora,terrestris,,,,0,1,0,0,0,0,0,0,0,0,0,0,0,0,1,0,0,0,0,0
Trametes,hirsuta,,,,0,1,0,0,0,0,0,0,0,0,0,0,0,0,1,0,0,0,0,0
Trametes,ochracea,,,,0,1,0,0,0,0,0,0,0,0,0,0,0,0,1,0,0,0,0,0
Trametes,trogii,,,,0,1,0,0,0,0,0,0,0,0,0,0,0,0,1,0,0,0,0,0
Trametes,versicolor,,,,0,1,0,0,0,0,0,0,0,0,0,0,0,0,1,0,0,0,0,0
Trametes,villosa,,,,0,1,0,0,0,0,0,0,0,0,0,0,0,0,1,0,0,0,0,0
Tremella,mesenterica,,,,0,0,0,0,0,0,0,0,1,0,0,0,0,0,0,0,0,0,0,0
Trichoglossum,hisutum,,,,0,0,0,0,0,0,0,0,0,0,0,0,1,0,0,0,0,0,0,0
Trichoglossum,octopartitum,,,,0,0,0,0,0,0,0,0,0,0,0,0,1,0,0,0,0,0,0,0
Tuber,rapaeodrum,,,,0,0,0,0,1,0,0,0,0,0,0,0,0,0,0,0,0,0,0,0
Tubifera,ferruginosa,,,,0,0,0,0,0,0,0,0,0,0,0,0,0,0,0,0,0,0,0,1
Tulostoma,,,,,0,0,0,0,1,0,1,0,0,0,0,0,0,0,0,0,0,0,0,0
Usnea,densirostra,,,,0,0,0,0,0,0,0,0,0,0,0,0,0,0,0,0,0,0,1,0
Ustilago,maydis,,,,0,0,0,0,0,0,0,0,0,0,0,0,0,0,0,0,0,1,0,0
Xanthoria,,,,,0,0,0,0,0,0,0,0,0,0,0,0,0,0,0,0,0,0,1,0
Xerocomellus,chrysenteron,,,,0,1,0,0,0,0,0,0,0,0,0,0,0,0,0,0,0,0,0,0
Xerocomus,subtomentosus,,,,0,1,0,0,0,0,0,0,0,0,0,0,0,0,0,0,0,0,0,0
Xylaria,hypoxylon,,,,0,0,0,0,0,0,0,0,0,1,0,1,0,0,0,0,0,0,0,0
Xylaria,polymorpha,,,,0,0,0,0,0,0,0,0,0,1,0,1,0,0,0,0,0,0,0,0
